ID,username,password
1,user1,3TJ2ES4UOL
2,user2,MTO70WZ8EY
3,user3,0YGB4LQBT1
4,user4,JVBSCYCYQW
5,user5,V4AADLX365
6,user6,9UX6MP1N1H
7,user7,2L1QZTNWZ0
8,user8,FXDTFXJ9QI
9,user9,AFQWOW72JD
10,user10,TPGPKUDSFN
11,user11,PHNLP3SJ7M
12,user12,98LTY0J377
13,user13,7TMVOI9QWU
14,user14,A3DQJ3CHM6
15,user15,P032GAGXDK
16,user16,KSRHYQJY9Q
17,user17,KRRUNGNN0B
18,user18,ZEJ4QPLEZH
19,user19,4LDBNKTNPP
20,user20,V2Z07AXUQ0
21,user21,KI2DKYVBB4
22,user22,4WS0HS1DVU
23,user23,9A8QR7FRJ9
24,user24,S8HXL4QP3S
25,user25,5EIR5ZDE30
26,user26,T8OZGQ78ZO
27,user27,CMY8BJLKBZ
28,user28,KZYF3N9PPT
29,user29,RV5GO8ORJ9
30,user30,YHGWYRC2MJ
31,user31,5ZTSOA9MHW
32,user32,KV9R21U7A7
33,user33,4TH7SX0E4J
34,user34,N01V3H9TAP
35,user35,MXHVZOBRYE
36,user36,S1Q6KMW156
37,user37,JWIQPQE5EB
38,user38,XJO9ELTE2D
39,user39,9P4JT31UAO
40,user40,97NMC1WMZJ
41,user41,K27YM8ZG9X
42,user42,6VW9XWPR1O
43,user43,11TQZKJLF6
44,user44,OCEPR18UEM
45,user45,YBS7PZ6RER
46,user46,O7HBBL8AIN
47,user47,WS2D7HK970
48,user48,CJHFFLEGNM
49,user49,XFLOD55EZ7
50,user50,2Z68PG3ICM
51,user51,E74MSYZA0O
52,user52,FOPLNESU3P
53,user53,QW1DIMC4PU
54,user54,ACM7TNVOHU
55,user55,QCHKI0GD9H
56,user56,NI8AUBC3PK
57,user57,QSNDCWEV8H
58,user58,LGJTR2XC2E
59,user59,2N2B21S0RB
60,user60,UHEQBX04JS
61,user61,SHXJ4M67EB
62,user62,N8ZUUZJ1EF
63,user63,HAOT2OL09E
64,user64,GUD7B7CQRK
65,user65,ORSB0N27SX
66,user66,H6R77MWMB3
67,user67,MSRTIZ543F
68,user68,P5GD3O81TU
69,user69,4LZ92TM2ZQ
70,user70,UFCTYRR53C
71,user71,YTS6E3XIM3
72,user72,RSS5G455RF
73,user73,XCR8TRRRBT
74,user74,MHB1FW6JSB
75,user75,XK39P93NG0
76,user76,8R9DWWG1M2
77,user77,9XX249WLE6
78,user78,PRUB0088DK
79,user79,B47TVUA9AC
80,user80,XDSF41D99W
81,user81,W49CHEU4SS
82,user82,9SPVP9P5KN
83,user83,KQ89MEL5HB
84,user84,V6RTETLUYA
85,user85,6OCKAIXGJK
86,user86,EIR2WECLRJ
87,user87,4X3O2O0R90
88,user88,9XKB37YABZ
89,user89,WK728S5GW6
90,user90,NOTAC5L7K7
91,user91,GL40NULP8Z
92,user92,L2W4HCOQO8
93,user93,A72SGY3547
94,user94,8IWNUXV8QN
95,user95,9C9TIGE6AJ
96,user96,H5TLUTFRM1
97,user97,H4YIBV3HT4
98,user98,08729DWGK0
99,user99,V1SP0W40AZ
100,user100,XK9LXG6JXX
